[{"created_at":"Thu Mar 10 04:05:11 +0000 2016","id":707779307058413600,"id_str":"707779307058413568","text":"RT @tyduffy: Amen... Michigan is Getting Screwed by the RPI https://t.co/QyzKtd49W5 via @JasonLisk","source":"<a href=\"http://twitter.com/download/iphone\" rel=\"nofollow\">Twitter for iPhone</a>","truncated":false,"in_reply_to_status_id":null,"in_reply_to_status_id_str":null,"in_reply_to_user_id":null,"in_reply_to_user_id_str":null,"in_reply_to_screen_name":null,"user":{"id":146713732,"id_str":"146713732","name":"Gino","screen_name":"GinoHammer7","location":null,"url":null,"description":"I'm awful.","protected":false,"verified":false,"followers_count":119,"friends_count":369,"listed_count":2,"favourites_count":1339,"statuses_count":10907,"created_at":"Sat May 22 04:25:46 +0000 2010","utc_offset":-18000,"time_zone":"Eastern Time (US & Canada)","geo_enabled":false,"lang":"en","contributors_enabled":false,"is_translator":false,"profile_background_color":"C0DEED","profile_background_image_url":"http://pbs.twimg.com/profile_background_images/211552622/hendrix.jpg","profile_background_image_url_https":"https://pbs.twimg.com/profile_background_images/211552622/hendrix.jpg","profile_background_tile":true,"profile_link_color":"0084B4","profile_sidebar_border_color":"C0DEED","profile_sidebar_fill_color":"DDEEF6","profile_text_color":"333333","profile_use_background_image":true,"profile_image_url":"http://pbs.twimg.com/profile_images/663939600726040578/RVtYzlBD_normal.jpg","profile_image_url_https":"https://pbs.twimg.com/profile_images/663939600726040578/RVtYzlBD_normal.jpg","profile_banner_url":"https://pbs.twimg.com/profile_banners/146713732/1447026618","default_profile":false,"default_profile_image":false,"following":null,"follow_request_sent":null,"notifications":null},"geo":null,"coordinates":null,"place":null,"contributors":null,"retweeted_status":{"created_at":"Thu Mar 10 02:17:02 +0000 2016","id":707752088730734600,"id_str":"707752088730734592","text":"Amen... Michigan is Getting Screwed by the RPI https://t.co/QyzKtd49W5 via @JasonLisk","source":"<a href=\"http://twitter.com\" rel=\"nofollow\">Twitter Web Client</a>","truncated":false,"in_reply_to_status_id":null,"in_reply_to_status_id_str":null,"in_reply_to_user_id":null,"in_reply_to_user_id_str":null,"in_reply_to_screen_name":null,"user":{"id":27303554,"id_str":"27303554","name":"Tyler Duffy","screen_name":"tyduffy","location":"Birmingham, MI","url":"https://www.facebook.com/tyleroduffy/","description":"Senior Writer for The Big Lead. Wishes he could be like David Watts. Send compliments to tyduffy@gmail.com.","protected":false,"verified":true,"followers_count":8600,"friends_count":485,"listed_count":405,"favourites_count":100,"statuses_count":184,"created_at":"Sat Mar 28 20:39:16 +0000 2009","utc_offset":-18000,"time_zone":"Eastern Time (US & Canada)","geo_enabled":false,"lang":"en","contributors_enabled":false,"is_translator":false,"profile_background_color":"022330","profile_background_image_url":"http://abs.twimg.com/images/themes/theme15/bg.png","profile_background_image_url_https":"https://abs.twimg.com/images/themes/theme15/bg.png","profile_background_tile":false,"profile_link_color":"0084B4","profile_sidebar_border_color":"A8C7F7","profile_sidebar_fill_color":"C0DFEC","profile_text_color":"333333","profile_use_background_image":true,"profile_image_url":"http://pbs.twimg.com/profile_images/642916834556157952/zAJrD5W-_normal.png","profile_image_url_https":"https://pbs.twimg.com/profile_images/642916834556157952/zAJrD5W-_normal.png","profile_banner_url":"https://pbs.twimg.com/profile_banners/27303554/1423548152","default_profile":false,"default_profile_image":false,"following":null,"follow_request_sent":null,"notifications":null},"geo":null,"coordinates":null,"place":null,"contributors":null,"is_quote_status":false,"retweet_count":12,"favorite_count":6,"entities":{"hashtags":[],"urls":[{"url":"https://t.co/QyzKtd49W5","expanded_url":"https://shar.es/1CRuKB","display_url":"shar.es/1CRuKB","indices":[47,70]}],"user_mentions":[{"screen_name":"JasonLisk","name":"Jason Lisk","id":69484955,"id_str":"69484955","indices":[75,85]}],"symbols":[]},"favorited":false,"retweeted":false,"possibly_sensitive":false,"filter_level":"low","lang":"en"},"is_quote_status":false,"retweet_count":0,"favorite_count":0,"entities":{"hashtags":[],"urls":[{"url":"https://t.co/QyzKtd49W5","expanded_url":"https://shar.es/1CRuKB","display_url":"shar.es/1CRuKB","indices":[60,83]}],"user_mentions":[{"screen_name":"tyduffy","name":"Tyler Duffy","id":27303554,"id_str":"27303554","indices":[3,11]},{"screen_name":"JasonLisk","name":"Jason Lisk","id":69484955,"id_str":"69484955","indices":[88,98]}],"symbols":[]},"favorited":false,"retweeted":false,"possibly_sensitive":false,"filter_level":"low","lang":"en","timestamp_ms":"1457582711363"}, {"created_at":"Thu Mar 10 04:05:16 +0000 2016","id":707779328218701800,"id_str":"707779328218701825","text":"@Bill_Riccette Yep. Their RPI is obviously inflated, but they should be in pretty safely.","source":"<a href=\"http://www.hootsuite.com\" rel=\"nofollow\">Hootsuite</a>","truncated":false,"in_reply_to_status_id":707779021631696900,"in_reply_to_status_id_str":"707779021631696897","in_reply_to_user_id":48544385,"in_reply_to_user_id_str":"48544385","in_reply_to_screen_name":"Bill_Riccette","user":{"id":329421179,"id_str":"329421179","name":"Jeff (BPredict)","screen_name":"BPredict","location":null,"url":"http://basketballpredictions.blogspot.com","description":"Official twitter of Basketball Predictions Blog. \r\n\r\nYes, I hate your favorite team... It's because I'm a huge homer for your team's most hated rival.","protected":false,"verified":false,"followers_count":4397,"friends_count":186,"listed_count":184,"favourites_count":14,"statuses_count":65369,"created_at":"Tue Jul 05 01:49:18 +0000 2011","utc_offset":-18000,"time_zone":"Eastern Time (US & Canada)","geo_enabled":false,"lang":"en","contributors_enabled":false,"is_translator":false,"profile_background_color":"C0DEED","profile_background_image_url":"http://abs.twimg.com/images/themes/theme1/bg.png","profile_background_image_url_https":"https://abs.twimg.com/images/themes/theme1/bg.png","profile_background_tile":false,"profile_link_color":"0084B4","profile_sidebar_border_color":"C0DEED","profile_sidebar_fill_color":"DDEEF6","profile_text_color":"333333","profile_use_background_image":true,"profile_image_url":"http://pbs.twimg.com/profile_images/1426856222/ncaa_pic_normal.jpg","profile_image_url_https":"https://pbs.twimg.com/profile_images/1426856222/ncaa_pic_normal.jpg","default_profile":true,"default_profile_image":false,"following":null,"follow_request_sent":null,"notifications":null},"geo":null,"coordinates":null,"place":null,"contributors":null,"is_quote_status":false,"retweet_count":0,"favorite_count":0,"entities":{"hashtags":[],"urls":[],"user_mentions":[{"screen_name":"Bill_Riccette","name":"Bill Riccette","id":48544385,"id_str":"48544385","indices":[0,14]}],"symbols":[]},"favorited":false,"retweeted":false,"filter_level":"low","lang":"en","timestamp_ms":"1457582716408"}, {"created_at":"Thu Mar 10 04:06:46 +0000 2016","id":707779705810849800,"id_str":"707779705810849792","text":"I'm tweeting about RPI","source":"<a href=\"http://twitter.com\" rel=\"nofollow\">Twitter Web Client</a>","truncated":false,"in_reply_to_status_id":null,"in_reply_to_status_id_str":null,"in_reply_to_user_id":null,"in_reply_to_user_id_str":null,"in_reply_to_screen_name":null,"user":{"id":1068174990,"id_str":"1068174990","name":"tristan villamil","screen_name":"tristanv975","location":null,"url":null,"description":null,"protected":false,"verified":false,"followers_count":1,"friends_count":1,"listed_count":0,"favourites_count":9,"statuses_count":1,"created_at":"Mon Jan 07 12:22:56 +0000 2013","utc_offset":null,"time_zone":null,"geo_enabled":false,"lang":"en","contributors_enabled":false,"is_translator":false,"profile_background_color":"C0DEED","profile_background_image_url":"http://abs.twimg.com/images/themes/theme1/bg.png","profile_background_image_url_https":"https://abs.twimg.com/images/themes/theme1/bg.png","profile_background_tile":false,"profile_link_color":"0084B4","profile_sidebar_border_color":"C0DEED","profile_sidebar_fill_color":"DDEEF6","profile_text_color":"333333","profile_use_background_image":true,"profile_image_url":"http://abs.twimg.com/sticky/default_profile_images/default_profile_1_normal.png","profile_image_url_https":"https://abs.twimg.com/sticky/default_profile_images/default_profile_1_normal.png","default_profile":true,"default_profile_image":true,"following":null,"follow_request_sent":null,"notifications":null},"geo":null,"coordinates":null,"place":null,"contributors":null,"is_quote_status":false,"retweet_count":0,"favorite_count":0,"entities":{"hashtags":[],"urls":[],"user_mentions":[],"symbols":[]},"favorited":false,"retweeted":false,"filter_level":"low","lang":"en","timestamp_ms":"1457582806433"}, {"created_at":"Thu Mar 10 04:07:16 +0000 2016","id":707779831174406100,"id_str":"707779831174406145","text":"Chris Bradley (2010-12, RPI) 38 GP, 2 G, 5 A. \n\n#6 Seed in ECAC, Swept #11 Brown in 1st round, will face #3 Harvard in best of 3","source":"<a href=\"https://about.twitter.com/products/tweetdeck\" rel=\"nofollow\">TweetDeck</a>","truncated":false,"in_reply_to_status_id":null,"in_reply_to_status_id_str":null,"in_reply_to_user_id":null,"in_reply_to_user_id_str":null,"in_reply_to_screen_name":null,"user":{"id":3575630600,"id_str":"3575630600","name":"Matt Lipcsak","screen_name":"YTPhantomMenace","location":"Youngstown, OH","url":null,"description":"Color commentator for the @USHL's @YtownPhantoms. Views expressed may not reflect opinion of management. ❤️AEG❤️","protected":false,"verified":false,"followers_count":59,"friends_count":114,"listed_count":0,"favourites_count":4,"statuses_count":1243,"created_at":"Tue Sep 15 21:33:45 +0000 2015","utc_offset":null,"time_zone":null,"geo_enabled":false,"lang":"en","contributors_enabled":false,"is_translator":false,"profile_background_color":"C0DEED","profile_background_image_url":"http://abs.twimg.com/images/themes/theme1/bg.png","profile_background_image_url_https":"https://abs.twimg.com/images/themes/theme1/bg.png","profile_background_tile":false,"profile_link_color":"0084B4","profile_sidebar_border_color":"C0DEED","profile_sidebar_fill_color":"DDEEF6","profile_text_color":"333333","profile_use_background_image":true,"profile_image_url":"http://pbs.twimg.com/profile_images/643901367061315584/U_x353kJ_normal.jpg","profile_image_url_https":"https://pbs.twimg.com/profile_images/643901367061315584/U_x353kJ_normal.jpg","profile_banner_url":"https://pbs.twimg.com/profile_banners/3575630600/1442608709","default_profile":true,"default_profile_image":false,"following":null,"follow_request_sent":null,"notifications":null},"geo":null,"coordinates":null,"place":null,"contributors":null,"is_quote_status":false,"retweet_count":0,"favorite_count":0,"entities":{"hashtags":[],"urls":[],"user_mentions":[],"symbols":[]},"favorited":false,"retweeted":false,"filter_level":"low","lang":"en","timestamp_ms":"1457582836322"}, {"created_at":"Thu Mar 10 04:07:46 +0000 2016","id":707779959067156500,"id_str":"707779959067156480","text":"I almost done with this lab, I just need 3 more people to tweet about RPI","source":"<a href=\"http://twitter.com\" rel=\"nofollow\">Twitter Web Client</a>","truncated":false,"in_reply_to_status_id":null,"in_reply_to_status_id_str":null,"in_reply_to_user_id":null,"in_reply_to_user_id_str":null,"in_reply_to_screen_name":null,"user":{"id":1068174990,"id_str":"1068174990","name":"tristan villamil","screen_name":"tristanv975","location":null,"url":null,"description":null,"protected":false,"verified":false,"followers_count":1,"friends_count":1,"listed_count":0,"favourites_count":9,"statuses_count":1,"created_at":"Mon Jan 07 12:22:56 +0000 2013","utc_offset":null,"time_zone":null,"geo_enabled":false,"lang":"en","contributors_enabled":false,"is_translator":false,"profile_background_color":"C0DEED","profile_background_image_url":"http://abs.twimg.com/images/themes/theme1/bg.png","profile_background_image_url_https":"https://abs.twimg.com/images/themes/theme1/bg.png","profile_background_tile":false,"profile_link_color":"0084B4","profile_sidebar_border_color":"C0DEED","profile_sidebar_fill_color":"DDEEF6","profile_text_color":"333333","profile_use_background_image":true,"profile_image_url":"http://abs.twimg.com/sticky/default_profile_images/default_profile_1_normal.png","profile_image_url_https":"https://abs.twimg.com/sticky/default_profile_images/default_profile_1_normal.png","default_profile":true,"default_profile_image":true,"following":null,"follow_request_sent":null,"notifications":null},"geo":null,"coordinates":null,"place":null,"contributors":null,"is_quote_status":false,"retweet_count":0,"favorite_count":0,"entities":{"hashtags":[],"urls":[],"user_mentions":[],"symbols":[]},"favorited":false,"retweeted":false,"filter_level":"low","lang":"en","timestamp_ms":"1457582866814"}]